"Handle","Title","Body (HTML)","Vendor","Type","Tags","Option1 Name","Option1 Value","Variant SKU","Variant Grams","Variant Price","Variant Compare At Price","Variant Requires Shipping","Variant Taxable","Image Src","Image Position","Image Alt Text","Status"
"royal-canin-cardiac-dog-food","Royal Canin Veterinary Cardiac Dry Dog Food","<p>Nutritionally complete formula loaded with premium protein, essential vitamins, Omega fatty acids and active prebiotics for cardiac and metabolic health.</p>","Petpedia","Dog Food","Dogs, Food, Best Deals, Hot","Title","Default Title","PET-RC-01","1000","800.00","","TRUE","TRUE","https://images.unsplash.com/photo-1589924691995-400dc9ecc119?w=800","1","Royal Canin Dry Dog Food","active"
"chip-chops-chicken-jerky","Chip Chops Chicken Jerky Dog Treats (Pack of 2)","<p>Delicious real chicken jerky treats packed with protein and wholesome taste for your playful dogs.</p>","Petpedia","Dog Treats","Dogs, Treats, Hot","Title","Default Title","PET-CC-02","200","800.00","","TRUE","TRUE","https://images.unsplash.com/photo-1568640347023-a616a30bc3bd?w=800","1","Chip Chops Chicken Jerky","active"
"slicker-brush-grooming-kit","Big Boy Slicker Brush & Nail Clipper Grooming Kit","<p>Ergonomic stainless steel grooming kit designed for painless dematting, deshedding, and precision nail clipping.</p>","Petpedia","Grooming","Dogs, Cats, Grooming, Hot, Sale","Title","Default Title","PET-GK-03","350","800.00","900.00","TRUE","TRUE","https://images.unsplash.com/photo-1516734212186-a967f81ad0d7?w=800","1","Grooming Kit","active"
"catmee-hooded-litter-box","Catmee Hooded Cat Litter Box With Odour Lock","<p>Enclosed hooded litter box equipped with activated carbon filter to trap odors and keep your floors clean.</p>","Petpedia","Litter Box","Cats, Accessories, Sale","Title","Default Title","PET-LB-04","1800","800.00","","TRUE","TRUE","https://images.unsplash.com/photo-1514888286974-6c03e2ca1dba?w=800","1","Hooded Cat Litter Box","active"
"catmee-clumping-cat-litter","Catmee Unscented Clumping Cat Litter 5kg","<p>Ultra-absorbent, fast clumping bentonite cat litter with 99% dust-free formula for easy scooping.</p>","Petpedia","Cat Litter","Cats, Litter, Sale","Title","Default Title","PET-CL-05","5000","800.00","900.00","TRUE","TRUE","https://images.unsplash.com/photo-1573865526739-10659fec78a5?w=800","1","Clumping Cat Litter","active"
"kitty-yums-ocean-fish-food","Kitty Yums Ocean Fish Kitten (1 to 12 Months) Cat","<p>Formulated with taurine and Omega 3 DHA for sharp vision, brain development, and glossy coat in growing kittens.</p>","Petpedia","Cat Food","Cats, Food, Hot, Best Deals","Title","Default Title","PET-KY-06","1200","800.00","900.00","TRUE","TRUE","https://images.unsplash.com/photo-1548767797-d8c844163c4c?w=800","1","Kitty Yums Ocean Fish","active"
"gourmet-chicken-donut-treats","Gourmet Chicken Donut Dog Treats 70g","<p>Chewy baked donut treats crafted from real chicken and safe rawhide for endless chewing joy.</p>","Petpedia","Dog Treats","Dogs, Treats","Title","Default Title","PET-DT-07","100","800.00","","TRUE","TRUE","https://images.unsplash.com/photo-1583511655857-d19b40a7a54e?w=800","1","Chicken Donut Dog Treats","active"
"purple-tails-training-pads","Purple Tails Pet Training Pads (50 Pcs)","<p>6-layer super absorbent leakproof puppy pee pads with quick-dry polymer technology and built-in attractant.</p>","Petpedia","Pads","Dogs, Puppies, Accessories","Title","Default Title","PET-TP-08","1500","800.00","","TRUE","TRUE","https://images.unsplash.com/photo-1601758228041-f3b2795255f1?w=800","1","Pet Training Pads","active"
"comfy-plush-pet-bed","Comfy Plush Pet Bed With Toys","<p>Ultra-soft orthopedic donut calming pet bed with raised rim for head and neck support, bundled with fun squeaky plush toys.</p>","Petpedia","Pet Bed","Dogs, Cats, Beds, Accessories","Title","Default Title","PET-PB-09","1200","800.00","","TRUE","TRUE","https://images.unsplash.com/photo-1541599540903-216a46ca1dc0?w=800","1","Plush Pet Bed","active"
"drools-absolute-calcium-bone","Drools Absolute Calcium Bone Jar","<p>Enriched with calcium and phosphorus for strong teeth, joint strength, and healthy bones in growing puppies and active dogs.</p>","Petpedia","Supplements","Dogs, Supplements","Title","Default Title","PET-DB-10","800","800.00","","TRUE","TRUE","https://images.unsplash.com/photo-1583337130417-3346a1be7dee?w=800","1","Calcium Bone Jar","active"
